<manifest alg="2" build="2017.0.0.363" opt="false" iceEnabled="true" iceMarkupVersion="2" iceEnabledOptions="link,responsive,cachebuster" exportTarget="other" domain="willortrust.com" resolutions="1x" timestamp="1559007303881">
  <folder name="css">
    <file name="site_global.css" crc="443350757"/>
    <file name="master_a-master.css" crc="4266319581" ref="index"/>
    <file name="index.css" crc="107174396" ref="index"/>
    <file name="iefonts_index.css" crc="395673041" ref="index"/>
  </folder>
  <folder name="scripts">
    <file name="jquery-1.8.3.min.js" crc="209076791" ref="index"/>
    <file name="museutils.js" crc="163421577" ref="index"/>
    <file name="whatinput.js" crc="86476730" ref="index"/>
    <file name="museconfig.js" crc="168988563" ref="index"/>
    <file name="jquery.watch.js" crc="104486786" ref="index"/>
    <file name="require.js" crc="244322403" ref="index"/>
    <file name="jquery.musepolyfill.bgsize.js" crc="379354253" ref="index"/>
  </folder>
  <folder name="images">
    <file name="spying_on_you.jpg" crc="4226514589" seo="true" ref="index"/>
    <file name="password.jpg" crc="175841098" seo="true" ref="index"/>
    <file name="blur_edges.jpg" crc="151435922" seo="true" ref="index"/>
    <file name="start-a-website-get-started-min.jpg" crc="522315120" seo="true" ref="index"/>
    <file name="wtmainlogo2.jpg" crc="3886954058" seo="true" ref="index"/>
    <file name="3196.jpg" crc="4042070798" ref="index"/>
    <file name="logincon.png" crc="105113337" seo="true" ref="index"/>
    <file name="reg.png" crc="209490743" seo="true" ref="index"/>
  </folder>
  <file name="index.html" crc="5532681" seo="true" mt="1559006458167" redirect="true"/>
</manifest>